is_duplicate,test_id
0.2060410142068199,0
0.30792106803697944,1
0.5997557554562376,2
0.07323399688110512,3
0.5386538989234283,4
